{"cameraMode":{"drawMode":0,"name":"Shaded","section":"Shading Mode"},"sceneLighting":true,"audioPlay":false,"sceneViewState":{"showFog":true,"showMaterialUpdate":false,"showSkybox":true,"showFlares":true,"showImageEffects":true,"showParticleSystems":true},"in2DMode":false,"pivot":{"x":34.55784606933594,"y":-38.66999435424805,"z":-11.130797386169434},"rotation":{"x":-0.18642479181289674,"y":-0.8115343451499939,"z":0.35834529995918276,"w":-0.42219242453575137},"size":100.35960388183594,"orthographic":false}