{"cameraMode":{"drawMode":0,"name":"Shaded","section":"Shading Mode"},"sceneLighting":false,"audioPlay":false,"sceneViewState":{"showFog":true,"showMaterialUpdate":false,"showSkybox":true,"showFlares":true,"showImageEffects":true,"showParticleSystems":true},"in2DMode":false,"pivot":{"x":6.179008483886719,"y":2.2023026943206789,"z":7.380087852478027},"rotation":{"x":0.07028809189796448,"y":-0.8096930384635925,"z":0.09912506490945816,"w":0.5741350054740906},"size":37.90631103515625,"orthographic":false}