{"cameraMode":{"drawMode":0,"name":"Shaded","section":"Shading Mode"},"sceneLighting":false,"audioPlay":false,"sceneViewState":{"showFog":true,"showMaterialUpdate":false,"showSkybox":true,"showFlares":true,"showImageEffects":true,"showParticleSystems":true},"in2DMode":false,"pivot":{"x":-6.14231538772583,"y":-3.776987075805664,"z":1.891101598739624},"rotation":{"x":-0.14728301763534547,"y":0.5959634780883789,"z":-0.11233608424663544,"w":-0.7813552021980286},"size":25.88870620727539,"orthographic":false}