{"cameraMode":{"drawMode":0,"name":"Shaded","section":"Shading Mode"},"sceneLighting":false,"audioPlay":false,"sceneViewState":{"showFog":true,"showMaterialUpdate":false,"showSkybox":true,"showFlares":true,"showImageEffects":true,"showParticleSystems":true},"in2DMode":false,"pivot":{"x":8.557660102844239,"y":-0.010655850172042847,"z":-2.4040191173553469},"rotation":{"x":-0.18642479181289674,"y":-0.8115343451499939,"z":0.35834529995918276,"w":-0.42219242453575137},"size":9.111071586608887,"orthographic":false}